[
    {
      "channel_id": "1202140813373004",
      "channel_name": "New Cat 4 Concept UGC Audio",
      "type": "N",
      "country": "meta",
      "url_variants": "unknown",
      "dt": "App promotion cam New Creatives",
      "sampled": "2.700112211",
      "hit_status": "0.044574",
      "join": "7.01",
      "bf": "11481",
      "spend": "37",
      "impressions": "0.019374",
      "clicks": "0.172910",
      "cpa_per_click": "0.2811280323",
      "cpa_per_result": null,
      "results": null
    },
    {
      "channel_id": "1202140811000904",
      "channel_name": "New Creative S Concept UGC Audio",
      "type": "N",
      "country": "meta",
      "url_variants": "unknown",
      "dt": "App promotion cam New Creatives",
      "sampled": "1.883601844",
      "hit_status": "0.770643",
      "join": "2.95",
      "bf": "5840",
      "spend": "42",
      "impressions": "0.05050",
      "clicks": "0.203419152",
      "cpa_per_click": "0.38818182",
      "cpa_per_result": null,
      "results": null
    },
    {
      "channel_id": "1202140553454904",
      "channel_name": "Creative 2 Concept UGC Audio",
      "type": "N",
      "country": "meta",
      "url_variants": "unknown",
      "dt": "App promotion cam OG Creatives - Real...",
      "sampled": "1.803750308",
      "hit_status": "0.032439",
      "join": "5.05",
      "bf": "8103",
      "spend": "67",
      "impressions": "0.076575",
      "clicks": "0.339407585",
      "cpa_per_click": null,
      "cpa_per_result": null,
      "results": null
    },
    {
      "channel_id": "1202140811000904",
      "channel_name": "Creative 1 Concept UGC Audio",
      "type": "N",
      "country": "meta",
      "url_variants": "unknown",
      "dt": "App promotion cam OG Creatives - Real...",
      "sampled": "0.75",
      "hit_status": "0.693756914",
      "join": "0.75",
      "bf": "1562",
      "spend": "11",
      "impressions": "0.458934",
      "clicks": "0.583982",
      "cpa_per_click": "0.75",
      "cpa_per_result": null,
      "results": null
    },
    {
      "channel_id": "1202140803050404",
      "channel_name": "Creative 3 Concept UGC Audio",
      "type": "N",
      "country": "meta",
      "url_variants": "unknown",
      "dt": "App promotion cam OG Creatives - Real...",
      "sampled": "0.0373486267",
      "hit_status": "0.473901",
      "join": "2.95",
      "bf": "5275",
      "spend": "30",
      "impressions": "0.454111",
      "clicks": "0.091",
      "cpa_per_click": "0.7125",
      "cpa_per_result": null,
      "results": null
    },
    {
      "channel_id": "1202140803050404",
      "channel_name": "Creative 4 Concept UGC Audio",
      "type": "N",
      "country": "meta",
      "url_variants": "unknown",
      "dt": "App promotion cam OG Creatives - Real...",
      "sampled": "0.4711620173",
      "hit_status": "0.69363",
      "join": "1.77",
      "bf": "4233",
      "spend": "25",
      "impressions": "0.41705",
      "clicks": "0.078",
      "cpa_per_click": "0.863",
      "cpa_per_result": null,
      "results": null
    },
      {
      "channel_id": "12021/1001/App promotion",
      "channel_name": "App promotion",
      "type": "N",
      "country": "meta",
      "url_variants": "unknown",
      "dt": "Test for range: social Partnership",
      "sampled": "0.4711620173",
      "hit_status": "0.69363",
      "join": "1.77",
      "bf": "4233",
      "spend": "25",
      "impressions": "0.41705",
      "clicks": "0.078",
      "cpa_per_click": "0.863",
      "cpa_per_result": null,
      "results": null
    },
    {
      "channel_id": "1202140809058204",
      "channel_name": "Creative 1 Concept UGC Audio",
      "type": "N",
      "country": "meta",
      "url_variants": "unknown",
      "dt": "App promotion cam OG Creatives",
      "sampled": "0",
      "hit_status": "0",
      "join": "0",
      "bf": "0",
      "spend": "0",
      "impressions": "0",
      "clicks": "0",
      "cpa_per_click": "0",
      "cpa_per_result": null,
      "results": null
    },
    {
      "channel_id": "1202140809058204",
      "channel_name": "Creative 2 Concept UGC Audio",
      "type": "N",
      "country": "meta",
      "url_variants": "unknown",
      "dt": "App promotion cam OG Creatives",
      "sampled": "0",
      "hit_status": "0",
      "join": "0",
      "bf": "0",
      "spend": "0",
      "impressions": "0",
      "clicks": "0",
      "cpa_per_click": "0",
      "cpa_per_result": null,
      "results": null
    },
    {
      "channel_id": "1202140808058304",
      "channel_name": "Creative 1 Concept UGC Audio",
      "type": "N",
      "country": "meta",
      "url_variants": "unknown",
      "dt": "App promotion cam OG Creatives",
      "sampled": "0",
      "hit_status": "0",
      "join": "0",
      "bf": "0",
      "spend": "0",
      "impressions": "0",
      "clicks": "0",
      "cpa_per_click": "0",
      "cpa_per_result": null,
      "results": null
    }
  ]